<?xml version="1.0" encoding="UTF-8"?>
<beans xmlns="http://www.springframework.org/schema/beans"
	xmlns:xsi="http://www.w3.org/2001/XMLSchema-instance"
	xsi:schemaLocation="http://www.springframework.org/schema/beans
        https://www.springframework.org/schema/beans/spring-beans.xsd">

	<bean id="student" class="com.cts.springboot.Student">
		<property name="id" value="S001"></property>
		<property name="name" value="Akash"></property>
	</bean>

	<bean id="student2" class="com.cts.springboot.Student">
		<property name="id" value="S001"></property>
		<property name="name" value="Akash"></property>
	</bean>
	<bean id="student3" class="com.cts.springboot.Student">
		<property name="id" value="S001"></property>
		<property name="name" value="Akash"></property>
	</bean>
	<bean id="student4" class="com.cts.springboot.Student">
		<property name="id" value="S001"></property>
		<property name="name" value="Akash"></property>
	</bean>
	<bean id="student5" class="com.cts.springboot.Student">
		<property name="id" value="S001"></property>
		<property name="name" value="Akash"></property>
	</bean>
	<!-- more bean definitions go here -->

	<bean id="studentList" class="java.util.ArrayList">
		<constructor-arg>
			<list>
				<ref bean="student" />
				<ref bean="student2" />
				<ref bean="student3" />
				<ref bean="student4" />
				<ref bean="student5" />
			</list>

		</constructor-arg>

	</bean>

</beans>